zipcode,area,city
10100,Samphanthawong,Bangkok
10100,Pom Prap Sattru Phai,Bangkok
10110,Wattana,Bangkok
10120,Bang Kholame,Bangkok
10120,Yannawa,Bangkok
10140,Rat Burana,Bangkok
10140,Thung Khru,Bangkok
10150,Bang Bon,Bangkok
10150,Bang Khun Thian,Bangkok
10160,Bang Khae,Bangkok
10160,Phasi Charoen,Bangkok
10160,Nong Khaem,Bangkok
10170,Thawi Wattana,Bangkok
10170,Taling Chan,Bangkok
10200,Phra Nakhon,Bangkok
10210,Lak Si,Bangkok
10220,Sai Mai,Bangkok
10220,Bang Khen,Bangkok
10230,Lat Phrao,Bangkok
10230,Khanna Yao,Bangkok
10240,Bang Kapi,Bangkok
10240,Bung Kum,Bangkok
10240,Saphan Sung B39,Bangkok
10250,Suang Luang,Bangkok
10250,Pra Vet,Bangkok
10260,Bang Na,Bangkok
10260,Phra Khanong,Bangkok
10300,Dusit,Bangkok
10310,Wangthong Lang,Bangkok
10320,Huai Khwang,Bangkok
10330,Pahtum Wan,Bangkok
10400,Phaya Thai,Bangkok
10400,Ding Daeng,Bangkok
10500,Bang Rak,Bangkok
10510,Min Buri,Bangkok
10510,Khlong Samwa,Bangkok
10520,Lat Krabang,Bangkok
10530,Nong Chok,Bangkok
10600,Khlong San,Bangkok
10600,Thon Buri,Bangkok
10600,Bangkok Yai,Bangkok
10700,Bang Plat,Bangkok
10700,Bangkok Noi,Bangkok
10800,Bang Su,Bangkok
10130,Phra Pradaeng,Samut Prakan
10270,Muang Samut Prakan,Samut Prakan
10290,Phra Samut Chedi,Samut Prakan
10540,Bang Saotong,Samut Prakan
10540,Bang Phli,Samut Prakan
10560,Bang Bo,Samut Prakan
11000,Muang Nonthaburi,Nonthaburi
11110,Bang Bua Thong,Nonthaburi
11120,Pak Kret,Nonthaburi
11130,Bang Kruai,Nonthaburi
11140,Bang Yai,Nonthaburi
11150,Sai Noi,Nonthaburi
12000,Muang Pathum Thani,Pathum Thani
12110,Thanyaburi,Pathum Thani
12120,Khlong Luang,Pathum Thani
12140,Lat Lum Kaeo,Pathum Thani
12150,Lam Luk Ka,Pathum Thani
12160,Sam Khok,Pathum Thani
12170,Nong Sua,Pathum Thani
14000,Muang ANG THONG,Ang Thong
14110,Wiset Chai Chan,Ang Thong
14120,Pho Thong,Ang Thong
14130,Pa Mok,Ang Thong
14140,Chaiyo,Ang Thong
14150,Sawaengha,Ang Thong
14160,Samko,Ang Thong
18000,Muang Saraburi,Saraburi
18000,Chaloem Phakiat,Saraburi
18110,Kaeng Khoi,Saraburi
18120,Phra Phutthabat,Saraburi
18130,Ban Mo,Saraburi
18140,Nong Khae,Saraburi
18150,Wihan Daeng,Saraburi
18160,Sao Hai,Saraburi
18170,Nong Saeng,Saraburi
18180,Muak Lek,Saraburi
18190,Nong Doan,Saraburi
18210,Don Phut,Saraburi
18220,Wang Muang,Saraburi
21000,Muang Rayong,Rayong
21110,Klaeng,Rayong
21110,Khao Chamao,Rayong
21120,Ban Khai,Rayong
21130,Ban Chang,Rayong
21140,Pluak Daeng,Rayong
21180,Nikhom Pattana,Rayong
21210,Wang Chan,Rayong
22000,Muang Chanthaburi,Chanthaburi
22110,Khlung,Chanthaburi
22120,Tha Mai,Chanthaburi
22130,Laem Sing,Chanthaburi
22140,Pong Nam Ron,Chanthaburi
22150,Makham,Chanthaburi
22160,Kaeng Hang Maew,Chanthaburi
22160,Na Yai Am,Chanthaburi
22180,Soi Dao,Chanthaburi
22210,Khao Kitchakut,Chanthaburi
23000,Muang Trat,Trat
23000,Ko Kud,Trat
23110,Khlong Yai,Trat
23120,Laem Ngob,Trat
23120,Ko Chang,Trat
23130,Khao Saming,Trat
23140,Bo Rai,Trat
24000,Muang Chachoengsao,Chachoengsao
24000,Khlong Kaen,Chachoengsao
24110,Bang Khla,Chachoengsao
24120,Rachsan,Chachoengsao
24120,Phanom Sarakham,Chachoengsao
24130,Bang Pakong,Chachoengsao
24140,Ban Pho,Chachoengsao
24150,Bang Nam Prieo,Chachoengsao
24160,Ta Takiab,Chachoengsao
24160,Sanam Chai Khet,Chachoengsao
24190,Paeng Yao,Chachoengsao
26000,Muang Nakhon Nayok,Nakhon Nayok
26110,Ban Na,Nakhon Nayok
26120,Ongkarak,Nakhon Nayok
26130,Pak Phli,Nakhon Nayok
27000,Khao Chakhun,Sa Kaeo
27000,Muang Sa Kaeo,Sa Kaeo
27120,Wang Nam Yen,Sa Kaeo
27120,Khok Sung,Sa Kaeo
27120,Aranyaprathet,Sa Kaeo
27160,Wattana Nakhon,Sa Kaeo
27180,Ta Phraya,Sa Kaeo
27250,Wang Sombun,Sa Kaeo
27260,Khlong Hat,Sa Kaeo
30000,Muang Nakhon Ratchasima,Nakhon Ratchasima
30110,Phimai,Nakhon Ratchasima
30120,Bua Yai,Nakhon Ratchasima
30120,Bua Lai,Nakhon Ratchasima
30130,Pak Chong,Nakhon Ratchasima
30140,Sikhiu,Nakhon Ratchasima
30150,Pak Thong Chai,Nakhon Ratchasima
30160,Non Sung,Nakhon Ratchasima
30170,Sung Noen,Nakhon Ratchasima
30180,Prathai,Nakhon Ratchasima
30190,Chok Chai,Nakhon Ratchasima
30210,Dan Khun Thot,Nakhon Ratchasima
30210,Theparak,Nakhon Ratchasima
30220,Phra Thomgkom,Nakhon Ratchasima
30220,Non Thai,Nakhon Ratchasima
30230,Cheleam Phakiat,Nakhon Ratchasima
30230,Chakkarat,Nakhon Ratchasima
30240,Huai Thalaeng,Nakhon Ratchasima
30250,Khon Buri,Nakhon Ratchasima
30260,Khong,Nakhon Ratchasima
30270,Chum Phuang,Nakhon Ratchasima
30270,Muang Yang,Nakhon Ratchasima
30270,Lum Thamenchai,Nakhon Ratchasima
30280,Kham Thale So,Nakhon Ratchasima
30290,Kham Sakae Saeng,Nakhon Ratchasima
30330,Soeng Sang,Nakhon Ratchasima
30350,Ban Luam,Nakhon Ratchasima
30360,Non Daeng,Nakhon Ratchasima
30370,Wang Nam Khyo,Nakhon Ratchasima
30410,Nong Bunnak,Nakhon Ratchasima
30430,Sida,Nakhon Ratchasima
30440,Kang Sanam Nang,Nakhon Ratchasima
34000,Muang Ubon Ratchathani,Ubon Ratchathani
34000,Don Moddang,Ubon Ratchathani
34140,Muang Samsib,Ubon Ratchathani
34150,Khuang Nai,Ubon Ratchathani
34160,Det Udom,Ubon Ratchathani
34170,Khemarat,Ubon Ratchathani
34220,Khong Chiam,Ubon Ratchathani
34230,Buntharik,Ubon Ratchathani
34270,Kut Khaopun,Ubon Ratchathani
34280,Na Chaluai,Ubon Ratchathani
35000,Muang Yasothon,Yasothon
35110,Kham Khuan Kaeo,Yasothon
35120,Thai Chaloen,Yasothon
35120,Loeng Nok Tha,Yasothon
35130,Maha Chana Chai,Yasothon
35140,Kud Chum,Yasothon
35150,Pa Tiu,Yasothon
35160,Kho Wang,Yasothon
35170,Sai Mun,Yasothon
36000,Muang Chaiyaphum,Chaiyaphum
36110,Phu Khieo,Chaiyaphum
36120,Kaset Sombun,Chaiyaphum
36130,Chaturat,Chaiyaphum
36130,Noen Sa Nga,Chaiyaphum
36130,Sub Yai,Chaiyaphum
36140,Khon Sawan,Chaiyaphum
36150,Kaeng Khro,Chaiyaphum
36160,Bamnet Narong,Chaiyaphum
36170,Ban Khwao,Chaiyaphum
36180,Khon San,Chaiyaphum
36190,Ban Thaen,Chaiyaphum
36210,Nong Bua Daeng,Chaiyaphum
36230,Thep Satthit,Chaiyaphum
36250,Nong Bua Rawe,Chaiyaphum
36260,Phakdi Chumpon,Chaiyaphum
37000,Lua Amnart,Amnat Charoen
37000,Muang Amnat Charoen,Amnat Charoen
37110,Phathumratvongsa,Amnat Charoen
37180,Phana,Amnat Charoen
37210,Chanunman,Amnat Charoen
37240,Hua Taphan,Amnat Charoen
37290,Senangkhanikhorn,Amnat Charoen
40000,Muang Khonkaen,Khon Kaen
40110,Ban Phai,Khon Kaen
40110,Ban Had,Khon Kaen
40110,Non Silla,Khon Kaen
40120,Phon,Khon Kaen
40130,Chum Phae,Khon Kaen
40140,Nam Phong,Khon Kaen
40150,Nong Nakham,Khon Kaen
40150,Phu Wiang,Khon Kaen
40160,Khok Phochai,Khon Kaen
40160,Mancha Khiri,Khon Kaen
40170,Kranuan,Khon Kaen
40170,Sum Sung,Khon Kaen
40180,Chonnabot,Khon Kaen
40190,Nong Song Hong,Khon Kaen
40210,Nong Rua,Khon Kaen
40220,Si Chomphu,Khon Kaen
40230,Waeng Noi,Khon Kaen
40250,Ubolratana,Khon Kaen
40270,Ban Fang,Khon Kaen
40280,Khao Suan Kwang,Khon Kaen
40320,Phra Yun,Khon Kaen
40330,Waeng Yai,Khon Kaen
40340,Puai Noi,Khon Kaen
40350,Phu Pha Man,Khon Kaen
41000,Muang Udon Thani,Udon Thani
41110,Kumphawapi,Udon Thani
41110,Phrachuk Siliakram,Udon Thani
41130,Nong Han,Udon Thani
41130,Pibun Rak,Udon Thani
41130,Ku Khaew,Udon Thani
41150,Phen,Udon Thani
41190,Ban Phu,Udon Thani
41190,Ban Dung,Udon Thani
41210,Nam Som,Udon Thani
41220,Nong Wua So,Udon Thani
41230,Si That,Udon Thani
41240,Non Sa-at,Udon Thani
41250,Kut Chab,Udon Thani
41260,Sang Khom,Udon Thani
41290,Chaiwan,Udon Thani
41310,Thung Fon,Udon Thani
41340,Nong Saeng,Udon Thani
41380,Wang Sam Mo,Udon Thani
41380,Na Yung,Udon Thani
41220,Erawan,Loei
42000,Muang Loei,Loei
42110,Chiang Khan,Loei
42120,Dan Sai,Loei
42130,Wang Saphung,Loei
42140,Tha Li,Loei
42150,Pak Chom,Loei
42160,Phu Rua,Loei
42170,Na Haeo,Loei
42180,Phu Kradung,Loei
42210,Na Duang,Loei
42230,Phu Luang,Loei
42240,Pha Khao,Loei
43000,Muang Nong Khai,Nong Khai
43100,Sra Khai,Nong Khai
43110,Tha Bo,Nong Khai
43120,Rattana Wapi,Nong Khai
43120,Phon Phisai,Nong Khai
43120,Fao Rai,Nong Khai
43130,Po Tak,Nong Khai
43130,Si Chiang Mai,Nong Khai
43140,Bung Kan,Nong Khai
43140,Bung Kla,Nong Khai
43150,Seka,Nong Khai
43160,Sang Khom,Nong Khai
43170,So Phisai,Nong Khai
43180,Phon Charoen,Nong Khai
43190,Pak Khat,Nong Khai
43210,Si Wilai,Nong Khai
43220,Bung Khong Long,Nong Khai
44000,Muang Maha Sarakham,Maha Sarakham
44110,Phayakkhaphum Phisai,Maha Sarakham
44120,Wapi Pathum,Maha Sarakham
44130,Kud Rang,Maha Sarakham
44130,Borabu,Maha Sarakham
44140,Kosum Phisai,Maha Sarakham
44150,Kantharawichai,Maha Sarakham
44160,Chuan Chum,Maha Sarakham
44160,Chiang Yun,Maha Sarakham
44170,Na Chuak,Maha Sarakham
44180,Na Dun,Maha Sarakham
44190,Kae Dam,Maha Sarakham
44210,Yang Si Surat,Maha Sarakham
45000,Sri Somdet,Roi Et
45000,Muang Roi Et,Roi Et
45000,Chiang Khaw,Roi Et
45000,Chang Han,Roi Et
45110,Phon Thong,Roi Et
45120,Salaphum,Roi Et
45130,Suwannaphum,Roi Et
45140,Nong Hi,Roi Et
45140,Phaanom Phrai,Roi Et
45150,Kaset Wisai,Roi Et
45160,At Samat,Roi Et
45170,Tung Khaoluang,Roi Et
45170,Thawatchaburi,Roi Et
45180,Chaturaphak Phiman,Roi Et
45190,Pathum Rat,Roi Et
45210,Nong Phok,Roi Et
45220,Muang Suang,Roi Et
45230,Pho Chai,Roi Et
45240,Phon Sai,Roi Et
45250,Moeiyawadi,Roi Et
46000,Donchan,Kalasin
46000,Muang Kalasin,Kalasin
46110,Kuchinarai,Kalasin
46120,Yang Talat,Kalasin
46130,Kamalasai,Kalasin
46130,Kong Chai,Kalasin
46140,Sahatsakhan,Kalasin
46150,Somdet,Kalasin
46160,Khao Wong,Kalasin
46160,Na Ku,Kalasin
46170,Huai Mek,Kalasin
46180,Kham Muang,Kalasin
46190,Tha Khantho,Kalasin
46210,Rong Kham,Kalasin
46220,Nong Kung Si,Kalasin
46230,Na Mon,Kalasin
46240,Huai Phung,Kalasin
47000,Muang Sakon Nakhon,Sakon Nakhon
47110,Sawang Daen Din,Sakon Nakhon
47120,Wanon Niwat,Sakon Nakhon
47130,Phanna Nikhom,Sakon Nakhon
47140,Ban Muang,Sakon Nakhon
47150,Waritchaphum,Sakon Nakhon
47160,Phang Khon,Sakon Nakhon
47170,Akat Amnuai,Sakon Nakhon
47180,Phu Phan,Sakon Nakhon
47180,Kut Bak,Sakon Nakhon
47190,Song Dao,Sakon Nakhon
47210,Kusuman,Sakon Nakhon
47230,Pon Nakaew,Sakon Nakhon
47250,Kham Ta Kla,Sakon Nakhon
47260,Tao Ngoi,Sakon Nakhon
47270,Nikhom Nam Un,Sakon Nakhon
47280,Khok Si Supan,Sakon Nakhon
47290,Charoensin,Sakon Nakhon
48000,Muang Nakhon Phanom,Nakhon Phanom
48110,That Phanom,Nakhon Phanom
48120,Tha Uthen,Nakhon Phanom
48120,Tha Songkhram,Nakhon Phanom
48130,Na Kae,Nakhon Phanom
48130,Wang Yang,Nakhon Phanom
48140,Ban Phaeng,Nakhon Phanom
48140,Na Thom,Nakhon Phanom
48150,Si Songkhram,Nakhon Phanom
48160,Pla Pak,Nakhon Phanom
48170,Renu Nakhon,Nakhon Phanom
48180,Na Wa,Nakhon Phanom
48190,Phon Sawan,Nakhon Phanom
49000,Muang Mukdahan,Mukdahan
49110,Khamcha-I,Mukdahan
49120,Don Tan,Mukdahan
49130,Nikhom Kham Soi,Mukdahan
49140,Don Luang,Mukdahan
49150,Wan Yai,Mukdahan
49160,Nong Sung,Mukdahan
50000,Muang Chiang Mai,Chiang Mai
50110,Fang,Chiang Mai
50120,San Pa Tong,Chiang Mai
50130,San Kamphaeng,Chiang Mai
50130,Mae On,Chiang Mai
50140,Saraphi,Chiang Mai
50150,Mae Taeng,Chiang Mai
50160,Doi Lor,Chiang Mai
50160,Chom Thong,Chiang Mai
50170,Chiang Dao,Chiang Mai
50180,Mae Rim,Chiang Mai
50190,Phrao,Chiang Mai
50210,San Sai,Chiang Mai
50220,Doi Saket,Chiang Mai
50230,Hang Dong,Chiang Mai
50240,Hot,Chiang Mai
50250,Samoeng,Chiang Mai
50260,Doi Tao,Chiang Mai
50270,Mae Chaem,Chiang Mai
50280,Mae Ai,Chiang Mai
50310,Omkoi,Chiang Mai
50320,Chai Prakarn,Chiang Mai
50350,Weang Hang,Chiang Mai
50360,Mae Wang,Chiang Mai
51000,Muang Lamphun,Lamphun
51110,Li,Lamphun
51120,Pa Sang,Lamphun
51120,Wiang Nonglong,Lamphun
51130,Ban Hong,Lamphun
51140,Mae Tha,Lamphun
51160,Thung Hua Chang,Lamphun
51180,Ban Thi,Lamphun
52000,Muang Lampang,Lampang
52110,Ngao,Lampang
52120,Chae Hom,Lampang
52130,Ko Kha,Lampang
52140,Wang Nua,Lampang
52150,Mae Tha,Lampang
52160,Thoen,Lampang
52170,Sop Prap,Lampang
52180,Mae Phrik,Lampang
52190,Hang Chat,Lampang
52210,Soem Ngam,Lampang
52220,Mae Mo,Lampang
52240,Muang Pan,Lampang
53000,Muang Uttaradit,Uttaradit
53110,Nam Pat,Uttaradit
53120,Phichai,Uttaradit
53130,Laplae,Uttaradit
53140,Tron,Uttaradit
53150,Tha Pla,Uttaradit
53160,Fak Tha,Uttaradit
53180,Ban Khok,Uttaradit
53230,Tong Saen Khan,Uttaradit
54000,Muang Phrae,Phrae
54120,Song,Phrae
54130,Sung Men,Phrae
54140,Rong Kwang,Phrae
54140,Den Chai,Phrae
54150,Long,Phrae
54160,Wang Chin,Phrae
54170,Nong Muangkhai,Phrae
55000,Santisuk,Nan
55000,Muang Nan,Nan
55000,Phu Piang,Nan
55110,Wiang Sa,Nan
55120,Pua,Nan
55130,Chaloem Phrakiat,Nan
55130,Thung Chang,Nan
55140,Tha Wang Pha,Nan
55150,Na Noi,Nan
55160,Chiang Klang,Nan
55160,Song Khaew,Nan
55170,Mae Charim,Nan
55180,Na Mun,Nan
55190,Ban Luang,Nan
55220,Bo Klua,Nan
56000,Pu Khamyaw,Phayao
56000,Muang Phayao,Phayao
56110,Chiang Kham,Phayao
56110,Pu Sang,Phayao
56120,Dok Kham Tai,Phayao
56130,Mae Chai,Phayao
56140,Pong,Phayao
56150,Chun,Phayao
56160,Chiacg Muan,Phayao
57000,Muang Chiang Rai,Chiang Rai
57110,Mae Chan,Chiang Rai
57110,Doi Luang,Chiang Rai
57110,Mae Pha Luang,Chiang Rai
57120,Phan,Chiang Rai
57130,Mae Sai,Chiang Rai
57140,Chiang Khong,Chiang Rai
57150,Chiang Saen,Chiang Rai
57160,Thoeng,Chiang Rai
57170,Wiang Pa Pao,Chiang Rai
57180,Mae Suai,Chiang Rai
57190,Pa Daet,Chiang Rai
57210,Wiang Chiang Rung,Chiang Rai
57210,Wiang Chai,Chiang Rai
57250,Mae Lao,Chiang Rai
57290,Phaya Mengrai,Chiang Rai
57310,Wiang Kaen,Chiang Rai
57340,Khun Tan,Chiang Rai
58000,Muang Mae Hong Son,Mae Hong Son
58110,Sop Moei,Mae Hong Son
58110,Mae Sariang,Mae Hong Son
58120,Mae La Noi,Mae Hong Son
58130,Pai,Mae Hong Son
58140,Khun Yuam,Mae Hong Son
58150,Pang Mapha,Mae Hong Son
60000,Muang Nakhon Sawan,Nakhon Sawan
60110,Nong Bua,Nakhon Sawan
60120,Chumsaeng,Nakhon Sawan
60130,Phayuha Khiri,Nakhon Sawan
60140,Takhli,Nakhon Sawan
60150,Mae Poen,Nakhon Sawan
60150,Chum Tabong,Nakhon Sawan
60150,Mae Wong,Nakhon Sawan
60150,Lat Yao,Nakhon Sawan
60160,Tha Tako,Nakhon Sawan
60170,Krok Phra,Nakhon Sawan
60180,Banphot Phisai,Nakhon Sawan
60190,Tak Fa,Nakhon Sawan
60220,Phaisali,Nakhon Sawan
60230,Kao Lieo,Nakhon Sawan
61000,Muang Uthai Thani,Uthai Thani
61110,Nong Chang,Uthai Thani
61120,Thap Than,Uthai Thani
61130,Nong Khayang,Uthai Thani
61140,Ban Rai,Uthai Thani
61150,Sawang Arom,Uthai Thani
61160,Lan Sak,Uthai Thani
61170,Huai Khot,Uthai Thani
62000,Muang Kamphaeng Phet,Kamphaeng Phet
62110,Phran Kratai,Kamphaeng Phet
62120,Pangslila Thong,Kamphaeng Phet
62120,Khlong Khlung,Kamphaeng Phet
62130,Khanu Woralaksaburi,Kamphaeng Phet
62150,Sai Ngam,Kamphaeng Phet
62170,Lan Krabue,Kamphaeng Phet
62170,Khosamphi Nakhon,Kamphaeng Phet
62180,Khlong Lan,Kamphaeng Phet
62190,Saithong Wattana,Kamphaeng Phet
62210,Bung Samakki,Kamphaeng Phet
63000,Wang Chaw,Tak
63000,Muang Tak,Tak
63110,Mae Sot,Tak
63120,Ban Tak,Tak
63130,Sam Ngao,Tak
63140,Mae Ramat,Tak
63150,Tha Song Yang,Tak
63160,Phob Phra,Tak
63170,Umphang,Tak
64000,Muang Sukhothai,Sukhothai
64110,Sawankhalok,Sukhothai
64120,Si Samrong,Sukhothai
64130,Si Satchanalai,Sukhothai
64140,Ban Dan Lan Hoi,Sukhothai
64150,Thung Saliam,Sukhothai
64160,Khiri Mat,Sukhothai
64170,Kong Krailat,Sukhothai
64180,Si Nakhon,Sukhothai
65000,Muang Phitsanulok,Phitsanulok
65110,Bang Krathum,Phitsanulok
65120,Nakhon Thai,Phitsanulok
65130,Wang Thong,Phitsanulok
65140,Bang Rakam,Phitsanulok
65150,Phrom Phiram,Phitsanulok
65160,Wat Bot,Phitsanulok
65170,Chat Trakan,Phitsanulok
65190,Noen Maprang,Phitsanulok
66000,Muang Phichit,Phichit
66110,Taphan Hin,Phichit
66120,Bang Mun Nak,Phichit
66130,Pho Thale,Phichit
66130,Bung Norong,Phichit
66140,Wachirabarami,Phichit
66140,Sam Ngam,Phichit
66150,Tab Khlo,Phichit
66160,Sak Lek,Phichit
66180,Wang Sai Phun,Phichit
66190,Pho Prathap Chang,Phichit
66210,Dong Charoen,Phichit
70000,Muang Ratchaburi,Ratchaburi
70110,Ban Pong,Ratchaburi
70120,Photharam,Ratchaburi
70130,Damnoen Saduak,Ratchaburi
70140,Pak Tho,Ratchaburi
70150,Chom Bung,Ratchaburi
70160,Bang Phae,Ratchaburi
70170,Wat Phleng,Ratchaburi
70180,Ban Ka,Ratchaburi
70180,Suan Phung,Ratchaburi
72000,Muang Suphan Buri,Suphanburi
72110,Song Phi Nong,Suphanburi
72120,Doembang Nangbuat,Suphanburi
72130,Sam Chuk,Suphanburi
72140,Si Prachan,Suphanburi
72150,Bang Pla Ma,Suphanburi
72160,U-Thong,Suphanburi
72170,Don Chedi,Suphanburi
72180,Dan Chang,Suphanburi
72240,Nong Yasai,Suphanburi
73000,Muang Nakhon Pathom,Nakhon Pathom
73110,Sam Phran,Nakhon Pathom
73120,Nakhon Chaisi,Nakhon Pathom
73130,Bang Len,Nakhon Pathom
73140,Khamphaeng Saen,Nakhon Pathom
73150,Don Tum,Nakhon Pathom
73170,Phutha Monthon,Nakhon Pathom
74000,Muang Samut Sakhon,Samut Sakhon
74110,Krathum Baen,Samut Sakhon
74120,Ban Phaeo,Samut Sakhon
75000,Muang Samut Songkhram,Samut Songkhram
75110,Amphawa,Samut Songkhram
75120,Bang Khonthi,Samut Songkhram
67000,Muang Phetchabun,Phetchabun
67110,Lom Sak,Phetchabun
67120,Lom Kao,Phetchabun
67130,Wichian Buri,Phetchabun
67140,Nong Phai,Phetchabun
67150,Chon Daen,Phetchabun
67160,Bung Sam Phan,Phetchabun
67170,Si Thep,Phetchabun
67240,Wang Pong,Phetchabun
67260,Nam Nao,Phetchabun
67270,Khao Kho,Phetchabun
76000,Muang Phetchaburi,Phetchaburi
76110,Ban Laem,Phetchaburi
76120,Cha-Am,Phetchaburi
76130,Tha Yang,Phetchaburi
76140,Khao Yoi,Phetchaburi
76150,Ban Lat,Phetchaburi
76160,Nong Ya Plong,Phetchaburi
76170,Kang Krachan,Phetchaburi
81000,Muang Krabi,Krabi
81110,Ao Luk,Krabi
81120,Khlong Thom,Krabi
81120,Lam Thap,Krabi
81130,Nua Khlong,Krabi
81140,Khao Phanom,Krabi
81150,Ko Lanta,Krabi
81160,Plai Phraya,Krabi
82000,Muang Phang Nga,Phang Nga
82110,Takua Pa,Phang Nga
82120,Thai Muang,Phang Nga
82130,Takua Thung,Phang Nga
82150,Khura Buri,Phang Nga
82160,Koh Yao,Phang Nga
82170,Kapong,Phang Nga
82180,Thap Put,Phang Nga
83000,Muang Phuket,Phuket
83110,Thalang,Phuket
83120,Kathu,Phuket
84000,Muang Surat Thani,Surat Thani
84110,Chaiya,Surat Thani
84120,Ban Na San,Surat Thani
84130,Phunphin,Surat Thani
84140,Ko Samui,Surat Thani
84150,Tha Chang,Surat Thani
84160,Kanchanadit,Surat Thani
84170,Tha Chana,Surat Thani
84180,Wiphawadi,Surat Thani
84180,Khiri Ratthanikhom,Surat Thani
84190,Wiang Sa,Surat Thani
84210,Chai Buri,Surat Thani
84210,Phrasaeng,Surat Thani
84220,Don Sak,Surat Thani
84230,Ban Ta Khun,Surat Thani
84240,Ban Na Doem,Surat Thani
84250,Phanom,Surat Thani
84260,Khian Sa,Surat Thani
84280,Ko Phangan,Surat Thani
85000,Muang Ranong,Ranong
85110,Kra Buri,Ranong
85120,Suk Samran,Ranong
85120,Kapoe,Ranong
85130,La-Un,Ranong
90000,Muang Songkhla,Songkhla
90110,Bang Klam,Songkhla
90110,Hat Yai,Songkhla
90120,Sa Dao,Songkhla
90130,Chana,Songkhla
90140,Ranot,Songkhla
90150,Thepha,Songkhla
90160,Na Thawi,Songkhla
90180,Rattapum,Songkhla
90190,Sating Phra,Songkhla
90210,Sabayoi,Songkhla
90220,Kuan Niang,Songkhla
90230,Khlong Hoykhong,Songkhla
90270,Krasae Sin,Songkhla
90310,Na Mom,Songkhla
90330,Singha Nakorn,Songkhla
91000,Muang Satun,Satun
91110,Langu,Satun
91120,Thung Wa,Satun
91130,Khuan Ka Long,Satun
91130,Manung,Satun
91150,Tha Phae,Satun
91160,Khuan Doan,Satun
92000,Muang Trang,Trang
92110,Kantang,Trang
92120,Had Samran,Trang
92120,Palian,Trang
92130,Huai Yot,Trang
92140,Yan Tak Kao,Trang
92150,Sikao,Trang
92160,Rachada,Trang
92170,Na Yong,Trang
92220,Wang Wiset,Trang
94000,Muang Pattani,Pattani
94110,Sai Buri,Pattani
94120,Khok Pho,Pattani
94130,Panare,Pattani
94140,Thung Yan Daeng,Pattani
94140,Mayo,Pattani
94150,Yaring,Pattani
94160,Yarang,Pattani
94170,Nong Chik,Pattani
94180,Mae Lan,Pattani
94220,Mai Kaen,Pattani
94230,Kpho,Pattani
95000,Muang Yala,Yala
95000,Kung Pinung,Yala
95110,Betong,Yala
95120,Yaha,Yala
95120,Ka Bung,Yala
95130,Bannang Sata,Yala
95140,Raman,Yala
95150,Than To,Yala
96000,Muang Narathiwat,Narathiwat
96110,Tak Bai,Narathiwat
96120,Sungai Kolok,Narathiwat
96130,Rangae,Narathiwat
96130,Jao I Rong,Narathiwat
96140,Sungai Padi,Narathiwat
96150,Ruso,Narathiwat
96160,Waeng,Narathiwat
96170,Bacho,Narathiwat
96180,Yi-Ngo,Narathiwat
96190,Sukhirin,Narathiwat
96210,Si Sakhon,Narathiwat
96220,Chanae,Narathiwat
13000,Pharnakhon Si Ayutthaya,Phranakhon Si Ayutthaya
13110,Sena,Phranakhon Si Ayutthaya
13120,Pak Hai,Phranakhon Si Ayutthaya
13130,Tha Rua,Phranakhon Si Ayutthaya
13140,Phachi,Phranakhon Si Ayutthaya
13150,Maha Rat,Phranakhon Si Ayutthaya
13160,Bang Pa-In,Phranakhon Si Ayutthaya
13170,Wang Noi,Phranakhon Si Ayutthaya
13190,Bang Sai,Phranakhon Si Ayutthaya
13210,Uthai,Phranakhon Si Ayutthaya
13220,Bang Pahan,Phranakhon Si Ayutthaya
13230,Lat Bua Luang,Phranakhon Si Ayutthaya
13240,Ban Phraek,Phranakhon Si Ayutthaya
13250,Bang Ban,Phranakhon Si Ayutthaya
13260,Nakhon Luang,Phranakhon Si Ayutthaya
13270,Bang Sai,Phranakhon Si Ayutthaya
15000,Muang Lopburi,Lopburi
15110,Ban Mi,Lopburi
15120,Khok Samrong,Lopburi
15130,Chai Badan,Lopburi
15130,Tha Luang,Lopburi
15140,Phattana Nikhom,Lopburi
15150,Tha Wung,Lopburi
15170,Nong Muang,Lopburi
15190,Lum Sunthi,Lopburi
15240,Sa Bot,Lopburi
15250,Khok Charoen,Lopburi
16000,Muang Sing Buri,Singburi
16110,In Buri,Singburi
16120,Phrom Buri,Singburi
16130,Bang Rachan,Singburi
16140,Tha Chang,Singburi
16150,Khai Bang Rachan,Singburi
17000,Muang Chainat,Chainat
17100,Nong Mamong,Chainat
17110,Manorom,Chainat
17120,Wat Sing,Chainat
17130,Non Kham,Chainat
17130,Hankha,Chainat
17140,Sankhaburi,Chainat
17150,Sanphaya,Chainat
20000,Muang Chonburi,Chonburi
20110,Si Racha,Chonburi
20120,Ko Sichang,Chonburi
20140,Phanat Nikhom,Chonburi
20150,Bang Lamung,Chonburi
20160,Phan Thong,Chonburi
20170,Ban Bung,Chonburi
20180,Sattahip,Chonburi
20190,Nong Yai,Chonburi
20240,Ko Chan,Chonburi
20270,Bo Thong,Chonburi
25000,Muang Prachinburi,Prachinburi
25110,Kabin Buri,Prachinburi
25130,Prachantakham,Prachinburi
25140,Si Maha Phot,Prachinburi
25150,Ban Sang,Prachinburi
25190,Si Mahosot,Prachinburi
25190,Khok Pip,Prachinburi
25220,Na Di,Prachinburi
31000,Muang Buri Ram,Burirum
31000,Huai Ratch,Burirum
31000,Ban Dan,Burirum
31110,Cham Ni,Burirum
31110,Non Suwan,Burirum
31110,Nang Rong,Burirum
31110,Chaloem Phrakhiat,Burirum
31120,Banmai Chaiphot,Burirum
31120,Phutthaisong,Burirum
31130,Lam Phai Mat,Burirum
31140,Prakhon Chai,Burirum
31150,Satuk,Burirum
31150,Kandong,Burirum
31160,Krasang,Burirum
31170,Lahan Sai,Burirum
31180,Ban Kruat,Burirum
31190,Khu Muang,Burirum
31210,Nong Ki,Burirum
31220,Pak Kam,Burirum
31230,Na Pho,Burirum
31240,Nong Hong,Burirum
31250,Ban Phlapphla,Burirum
31260,Non Dindaeng,Burirum
33000,Muang Sisaket,Sisaket
33110,Kantharalak,Sisaket
33110,Benchalak,Sisaket
33120,Po Sri Suwan,Sisaket
33120,Uthumphon Phisai,Sisaket
33120,Muang Chan,Sisaket
33130,Nam Kliang,Sisaket
33130,Kanthararom,Sisaket
33140,Pu Sing,Sisaket
33140,Khukhan,Sisaket
33150,Khun Han,Sisaket
33160,Rasi Salai,Sisaket
33160,Silalad,Sisaket
33170,Prang Ku,Sisaket
33180,Phrai Bung,Sisaket
33190,Yang Chum Noi,Sisaket
33210,Huai Thap Than,Sisaket
33220,Bung Bun,Sisaket
33230,Phayu,Sisaket
33240,Si Rattana,Sisaket
33250,Non Khun,Sisaket
33270,Wang Hin,Sisaket
34110,Phibun Mangsahan,Na Tan
34130,Trakan Puetphon,Na Tan
34160,Thung Sriudom,Na Tan
34160,Na Year,Na Tan
34190,Sawang Werarong,Na Tan
34190,Warin Chamrabp,Na Tan
34250,Si Muang Mai,Na Tan
34260,Nam Yuen,Na Tan
34260,Nam Khun,Na Tan
34330,Tan Sum,Na Tan
34340,Po Sai,Na Tan
34350,Sirinhon,Na Tan
34360,Samrong,Na Tan
39000,Muang Nong Bua Lam Phu,Non Bua Lam Phu
39140,Non Sang,Non Bua Lam Phu
39140,Nong Sang,Non Bua Lam Phu
39170,Nawang,Non Bua Lam Phu
39170,Na Klang,Non Bua Lam Phu
39180,Si Bun Ruang,Non Bua Lam Phu
39270,Suwannakhuha,Non Bua Lam Phu
71000,Muang Kanchanaburi,Khanchanaburi
71110,Tha Muang,Khanchanaburi
71120,Tha Maka,Khanchanaburi
71140,Phanom Thuan,Khanchanaburi
71150,Sai Yok,Khanchanaburi
71160,Bo Phloi,Khanchanaburi
71170,Huai Khaiaw,Khanchanaburi
71180,Thong Phaphum,Khanchanaburi
71210,Lao Khwan,Khanchanaburi
71220,Nong Prue,Khanchanaburi
71240,Sangkhla Buri,Khanchanaburi
71250,Si Sawat,Khanchanaburi
71260,Dan Makham Tia,Khanchanaburi
77000,Muang prachuap Khirikan,Prachuap Khirikhan
77110,Hua Hin,Prachuap Khirikhan
77120,Pran Buri,Prachuap Khirikhan
77130,Thap Sakae,Prachuap Khirikhan
77140,Bang Saphan,Prachuap Khirikhan
77150,Kui Buri,Prachuap Khirikhan
77170,Bang Saphan Noi,Prachuap Khirikhan
77180,Samaroiyod,Prachuap Khirikhan
80000,Muang Nakhon Si Thammarat,Nakhon Sie Thammarat
80000,Phra Phrom,Nakhon Sie Thammarat
80110,Thung Song,Nakhon Sie Thammarat
80120,Sichon,Nakhon Sie Thammarat
80130,Ron Phibun,Nakhon Sie Thammarat
80130,Chula Phon,Nakhon Sie Thammarat
80140,Pak Phanang,Nakhon Sie Thammarat
80150,Chawang,Nakhon Sie Thammarat
80160,Nob Pitam,Nakhon Sie Thammarat
80160,Tha Sala,Nakhon Sie Thammarat
80170,Hua Sai,Nakhon Sie Thammarat
80180,Cha-uat,Nakhon Sie Thammarat
80190,Chian Yai,Nakhon Sie Thammarat
80190,Chaloem Phrakiat,Nakhon Sie Thammarat
80210,Khanom,Nakhon Sie Thammarat
80220,Na Bon,Nakhon Sie Thammarat
80230,Lan Saka,Nakhon Sie Thammarat
80240,Thung Yai,Nakhon Sie Thammarat
80250,Chang Khlang,Nakhon Sie Thammarat
80260,Tham Punnara,Nakhon Sie Thammarat
80270,Phipun,Nakhon Sie Thammarat
80320,Phromkhiri,Nakhon Sie Thammarat
80360,Bang Khan,Nakhon Sie Thammarat
86000,Muang Chumphon,Chumphon
86110,Lang Suan,Chumphon
86130,Sawi,Chumphon
86140,Tha Sae,Chumphon
86160,Pathiu,Chumphon
86170,Lamae,Chumphon
86180,Phato,Chumphon
86220,Thung Tako,Chumphon
93000,Sri Nakharin,Phatthalung
93000,Muang Phatthalung,Phatthalung
93110,Pa Payam,Phatthalung
93110,Khuan Khanun,Phatthalung
93120,Pak Phayun,Phatthalung
93130,Khao Chaison,Phatthalung
93140,Bang Kaeo,Phatthalung
93160,Tamot,Phatthalung
93170,Pa Bon,Phatthalung
93180,Kong Ra,Phatthalung
93190,Si Ban Phot,Phatthalung